;CO_TAZID,Index,TOTHH,HHPOP,HHSize,TOTEMP,RETEMP,INDEMP,OTHEMP,ALLEMP,RETL,FOOD,MANU,WSLE,OFFI,GVED,HLTH,OTHR,AGRI,MING,CONS,HBJ,USTM_SF,USTM_MF,USTM_RV,SEC_HOME,CABIN,CONDO,HOTEL,AVGINCOME,Enrol_Elem,Enrol_Midl,Enrol_High
43001,1,0.0,0.0,0.0,0.0,0.0,0.0,0.0,0.0,0.0,0.0,0.0,0.0,0.0,0.0,0.0,0.0,0.0,0.0,0.0,0.0,0,0,0,0,0,0,0,183472.0,0.0,0.0,0.0
43002,2,0.0,0.0,0.0,0.0,0.0,0.0,0.0,0.0,0.0,0.0,0.0,0.0,0.0,0.0,0.0,0.0,0.0,0.0,0.0,0.0,0,0,0,0,0,0,0,158056.0,0.0,0.0,0.0
43003,3,31.8,84.2,2.642850007294616,5.7,0.4,0.1,5.2,16.3,0.2,0.3,0.1,0.0,2.9,0.2,1.4,0.7,0.0,0.0,1.4,9.2,1,0,0,1,0,0,0,183472.0,0.0,0.0,0.0
43004,4,477.6,1268.5,2.6557949288176266,408.2,5.0,26.6,376.6,567.1,2.2,2.9,0.6,25.9,61.1,2.1,2.9,310.4,0.0,0.0,20.5,138.5,15,0,0,15,0,0,0,188706.0,0.0,0.0,0.0
43005,5,405.9,1240.3,3.0556585052593004,296.9,8.9,13.8,274.2,445.0,6.1,2.8,6.6,7.1,91.0,2.1,68.4,112.7,0.0,0.0,30.4,117.7,79,0,0,79,0,0,0,296401.0,0.0,0.0,0.0
43006,6,10.9,27.5,2.5245785706479333,368.4,40.6,81.4,246.3,378.2,34.2,6.4,1.4,80.0,14.2,146.6,21.1,64.4,0.0,0.0,6.7,3.2,0,0,0,0,0,0,0,300000.0,392.0,0.0,0.0
43007,7,15.5,39.4,2.5395440542279077,12.6,3.2,0.7,8.7,18.1,1.4,1.9,0.4,0.3,1.3,1.3,1.0,5.1,0.0,0.0,1.0,4.5,0,0,0,0,0,0,0,162366.0,0.0,0.0,0.0
43008,8,0.0,0.0,0.0,755.6,44.2,74.3,637.1,765.3,20.2,23.9,2.8,71.6,378.0,9.4,66.5,183.2,0.0,0.0,9.7,0.0,0,0,0,0,0,0,0,158056.0,7.0,0.0,0.0
43009,9,601.6,1512.8,2.514558560229587,208.5,12.2,6.0,190.3,405.9,6.7,5.5,1.0,5.0,79.6,3.5,39.3,67.9,0.0,0.0,22.9,174.4,27,0,0,27,0,0,0,175714.0,0.0,0.0,0.0
43010,10,366.3,1064.1,2.9049377625529393,272.3,15.3,27.5,229.5,411.0,8.5,6.9,1.5,25.9,86.9,7.4,9.3,125.9,0.0,0.0,32.4,106.2,86,0,0,86,0,0,0,200068.0,0.0,0.0,0.0
43011,11,82.8,186.7,2.254102833727162,32.9,10.6,0.4,21.9,60.1,0.7,9.9,0.2,0.1,8.3,0.7,1.9,11.0,0.0,0.0,3.2,24.0,22,0,0,22,0,0,0,165445.0,0.0,0.0,0.0
43012,12,18.3,41.4,2.2621170274021383,15.9,3.2,0.7,12.0,24.5,1.4,1.8,0.4,0.3,4.0,1.4,1.1,5.4,0.0,0.0,3.3,5.3,13,0,0,13,0,0,0,167778.0,0.0,0.0,0.0
43013,13,41.9,96.7,2.305600741211813,10.7,2.4,1.5,6.8,29.4,1.0,1.3,1.3,0.2,0.9,1.0,0.8,4.0,0.0,0.0,6.6,12.2,27,0,0,27,0,0,0,167778.0,0.0,0.0,0.0
43014,14,31.8,71.8,2.2545023676237066,86.6,1.3,0.3,85.0,97.7,0.6,0.7,0.2,0.1,0.5,0.6,6.7,77.2,0.0,0.0,1.9,9.2,23,0,0,23,0,0,0,167778.0,0.0,0.0,0.0
43015,15,32.0,72.7,2.27391974990822,25.1,3.0,6.1,16.1,38.0,1.3,1.7,0.4,5.7,8.8,1.3,1.0,5.0,0.0,0.0,3.6,9.3,22,0,0,22,0,0,0,167778.0,0.0,0.0,0.0
43016,16,57.9,133.0,2.2966344227479825,23.9,3.1,3.3,17.5,47.6,1.3,1.7,0.4,2.9,5.8,1.3,2.3,8.1,0.0,0.0,6.9,16.8,39,0,0,39,0,0,0,167778.0,0.0,0.0,0.0
43017,17,106.5,240.6,2.2604147122541485,465.2,11.8,3.6,449.8,505.5,5.1,6.7,2.5,1.0,4.7,5.0,3.9,436.2,0.0,0.0,9.5,30.9,28,0,0,28,0,0,0,158056.0,0.0,0.0,0.0
43018,18,26.0,59.7,2.29900053498284,24.4,2.7,0.6,21.1,44.9,1.2,1.6,0.3,0.2,1.1,14.5,0.9,4.5,0.0,0.0,13.0,7.5,11,0,0,11,0,0,0,167778.0,0.0,0.0,0.0
43019,19,52.9,119.3,2.2552549797834494,48.2,6.0,2.2,40.0,78.0,2.6,3.4,0.8,1.4,12.5,2.6,2.0,22.9,0.0,0.0,14.5,15.3,32,0,0,32,0,0,0,167778.0,0.0,0.0,0.0
43020,20,64.6,146.1,2.261180303218549,106.7,3.9,0.8,101.9,129.3,1.7,2.2,0.5,0.3,13.4,1.7,1.3,85.4,0.0,0.0,3.9,18.7,46,0,0,46,0,0,0,167778.0,0.0,0.0,0.0
43021,21,17.9,40.6,2.262117027402138,509.5,99.2,44.2,366.1,537.2,32.8,66.4,31.9,12.3,23.4,28.7,67.6,246.4,0.0,0.0,22.5,5.2,14,0,0,14,0,0,0,167778.0,32.0,0.0,0.0
43022,22,0.0,0.0,0.0,81.3,18.3,0.9,62.0,83.2,15.9,2.5,0.5,0.4,51.6,1.8,1.5,7.2,0.0,0.0,1.9,0.0,0,0,0,0,0,0,0,158056.0,0.0,0.0,0.0
43023,23,69.2,156.6,2.2621170274021374,33.5,1.3,0.3,31.9,56.1,0.6,0.7,0.2,0.1,6.8,0.6,22.4,2.2,0.0,0.0,2.5,20.1,19,0,0,19,0,0,0,158056.0,0.0,0.0,0.0
43024,24,104.9,235.3,2.2437149333556103,94.2,46.7,3.0,44.5,139.7,0.4,46.4,0.1,2.9,13.0,0.4,4.4,26.7,0.0,0.0,15.1,30.4,25,0,0,25,0,0,0,158056.0,0.0,0.0,0.0
43025,25,0.0,0.0,0.0,0.0,0.0,0.0,0.0,0.0,0.0,0.0,0.0,0.0,0.0,0.0,0.0,0.0,0.0,0.0,0.0,0.0,0,0,0,0,0,0,0,96932.0,0.0,0.0,0.0
43026,26,81.0,163.2,2.014857463669436,32.9,20.0,0.4,12.5,59.8,0.7,19.3,0.2,0.2,3.6,5.4,0.6,2.9,0.0,0.0,3.5,23.5,45,0,0,45,0,0,0,96932.0,0.0,0.0,0.0
43027,27,0.0,0.0,0.0,608.1,567.2,7.5,33.4,614.2,553.9,13.3,1.5,6.0,4.7,5.1,4.0,19.7,0.0,0.0,6.1,0.0,0,0,0,0,0,0,0,96932.0,0.0,0.0,0.0
43028,28,0.0,0.0,0.0,28.4,20.6,0.6,7.3,29.5,19.1,1.5,0.3,0.2,1.0,1.1,0.9,4.3,0.0,0.0,1.1,0.0,0,0,0,0,0,0,0,96932.0,0.0,0.0,0.0
43029,29,0.0,0.0,0.0,294.8,221.4,20.2,53.2,299.0,185.3,36.1,19.4,0.8,20.5,3.9,3.1,25.7,0.0,0.0,4.3,0.0,0,0,0,0,0,0,0,96932.0,0.0,0.0,0.0
43030,30,53.2,107.9,2.0260625792869265,237.1,49.9,10.8,176.5,286.7,21.8,28.1,6.4,4.4,19.9,21.5,17.2,117.9,0.0,0.0,34.2,15.4,29,0,0,29,0,0,0,96932.0,0.0,0.0,0.0
43031,31,165.9,418.8,2.5245785706479342,223.7,54.9,11.9,156.9,412.8,24.0,31.0,7.0,4.9,21.8,23.7,18.9,92.5,0.0,0.0,140.9,48.1,0,0,0,0,0,0,130,96932.0,0.0,0.0,0.0
43032,32,0.0,0.0,0.0,373.2,327.6,1.4,44.2,376.5,280.1,47.4,0.8,0.6,2.7,28.3,2.2,11.0,0.0,0.0,3.3,0.0,0,0,0,0,0,0,100,96932.0,0.0,0.0,0.0
43033,33,0.0,0.0,0.0,272.1,102.2,1.5,168.3,275.6,3.1,99.1,0.9,0.6,7.6,3.1,2.4,155.2,0.0,0.0,3.5,0.0,0,0,0,0,0,0,106,96932.0,0.0,0.0,0.0
43034,34,27.9,70.5,2.524578570647934,602.0,27.4,5.9,568.7,635.2,11.8,15.5,3.5,2.4,211.3,11.7,74.1,271.6,0.0,0.0,25.1,8.1,0,0,0,0,0,0,0,96932.0,0.0,0.0,0.0
43035,35,0.0,0.0,0.0,402.2,163.3,5.3,233.7,406.3,44.2,119.0,1.1,4.2,27.9,3.6,75.4,126.8,0.0,0.0,4.1,0.0,0,0,0,0,0,0,0,194125.0,0.0,0.0,0.0
43036,36,100.7,215.4,2.139395539144645,1887.4,595.5,300.5,991.4,1941.3,343.8,251.7,169.9,130.6,243.8,102.1,112.2,533.3,0.0,0.0,24.7,29.2,27,97,0,27,0,97,203,194125.0,0.0,0.0,0.0
43037,37,0.0,0.0,0.0,0.0,0.0,0.0,0.0,0.0,0.0,0.0,0.0,0.0,0.0,0.0,0.0,0.0,0.0,0.0,0.0,0.0,0,0,0,0,0,0,0,96932.0,0.0,0.0,0.0
43038,38,399.5,750.5,1.878676825562242,386.7,10.3,4.9,371.5,511.3,4.4,5.9,1.3,3.6,241.9,4.4,3.4,121.8,0.0,0.0,8.7,115.8,125,272,0,125,0,272,0,107102.0,0.0,0.0,0.0
43039,39,373.8,797.9,2.134596997066266,1379.3,751.5,43.2,584.5,1499.0,455.5,296.0,14.6,28.6,214.9,8.8,49.1,311.7,0.0,0.0,11.4,108.4,115,217,0,115,0,217,0,194125.0,0.0,0.0,0.0
43040,40,0.0,0.0,0.0,0.0,0.0,0.0,0.0,0.0,0.0,0.0,0.0,0.0,0.0,0.0,0.0,0.0,0.0,0.0,0.0,0.0,0,0,0,0,0,0,0,193754.0,0.0,0.0,0.0
43041,41,28.0,56.2,2.0063913754445304,0.0,0.0,0.0,0.0,44.1,0.0,0.0,0.0,0.0,0.0,0.0,0.0,0.0,0.0,0.0,35.9,8.1,3,0,0,3,0,0,0,194125.0,0.0,0.0,0.0
43042,42,0.0,0.0,0.0,694.4,21.6,4.6,668.2,704.4,9.3,12.3,2.7,1.9,8.6,154.7,7.2,497.6,0.0,0.0,10.0,0.0,0,0,0,0,0,0,0,99373.0,0.0,0.0,0.0
43043,43,124.0,252.1,2.033802070145599,96.0,10.0,9.0,77.0,138.2,4.9,5.1,1.1,7.8,28.5,8.3,4.3,35.8,0.0,0.0,6.3,35.9,69,12,0,69,0,12,0,104454.0,0.0,0.0,0.0
43044,44,74.7,152.5,2.0415924780076673,468.2,155.7,1.6,310.9,515.3,83.7,72.0,1.0,0.7,50.7,3.2,56.8,200.1,0.0,0.0,25.5,21.7,33,12,0,33,0,12,122,119495.0,0.0,0.0,0.0
43045,45,350.4,725.1,2.069763622112199,504.9,18.8,14.1,472.1,619.6,15.6,3.2,1.7,12.4,103.7,155.1,8.1,205.2,0.0,0.0,13.0,101.6,52,0,0,52,0,0,0,146412.0,400.0,0.0,0.0
43046,46,99.9,211.9,2.1213449743720263,71.7,6.7,0.5,64.4,106.9,5.3,1.4,0.3,0.2,8.3,1.1,0.8,54.3,0.0,0.0,6.3,29.0,30,0,0,30,0,0,0,194125.0,0.0,0.0,0.0
43047,47,17.1,36.1,2.110894646923192,22.6,3.2,0.7,18.7,30.3,1.4,1.8,0.4,0.3,5.9,1.4,1.1,10.3,0.0,0.0,2.8,5.0,5,0,0,5,0,0,0,194125.0,0.0,0.0,0.0
43048,48,72.8,151.0,2.0732734693112613,29.2,2.2,2.4,24.6,54.7,1.0,1.3,1.3,1.1,11.1,0.9,0.7,11.7,0.0,0.0,4.4,21.1,11,0,0,11,0,0,0,141875.0,0.0,0.0,0.0
43049,49,60.5,130.5,2.155681762984551,42.4,11.8,1.4,29.2,68.0,8.0,3.7,0.8,0.6,5.3,2.8,2.2,18.8,0.0,0.0,8.1,17.5,18,0,0,18,0,0,0,191181.0,0.0,0.0,0.0
43050,50,7.2,16.2,2.2452559951072706,0.0,0.0,0.0,0.0,2.4,0.0,0.0,0.0,0.0,0.0,0.0,0.0,0.0,0.0,0.0,0.3,2.1,2,0,0,2,0,0,0,194125.0,0.0,0.0,0.0
43051,51,21.3,45.8,2.1497101474428226,23.2,3.2,0.7,19.3,31.2,1.4,1.8,0.4,0.3,11.6,1.4,1.1,5.3,0.0,0.0,1.8,6.2,6,0,0,6,0,0,0,194125.0,0.0,0.0,0.0
43052,52,0.0,0.0,0.0,0.0,0.0,0.0,0.0,0.0,0.0,0.0,0.0,0.0,0.0,0.0,0.0,0.0,0.0,0.0,0.0,0.0,0,0,0,0,0,0,0,107346.0,0.0,0.0,0.0
43053,53,65.1,131.2,2.0168417028933665,215.0,166.1,1.8,47.0,238.9,3.6,162.5,1.0,0.7,6.3,3.5,2.8,34.4,0.0,0.0,5.1,18.9,36,153,0,36,0,156,588,96932.0,0.0,0.0,0.0
43054,54,10.2,30.8,3.009622778429333,44.4,6.4,1.4,36.6,51.4,2.8,3.6,0.8,0.6,2.5,2.7,2.2,29.2,0.0,0.0,4.1,3.0,5,0,0,5,0,0,0,186750.0,0.0,0.0,98.0
43055,55,21.9,69.6,3.1768280125945423,41.5,16.9,1.4,23.2,60.7,13.2,3.7,0.8,0.6,7.1,2.8,2.2,11.0,0.0,0.0,12.8,6.3,6,0,0,6,0,0,0,186750.0,0.0,0.0,0.0
43056,56,40.0,129.8,3.241137717811185,18.7,3.4,0.7,14.5,33.4,1.5,1.9,0.4,0.3,1.4,1.5,1.2,10.6,0.0,0.0,3.1,11.6,20,0,0,20,0,0,0,186750.0,0.0,0.0,0.0
43057,57,1.6,4.0,2.524578570647934,15.9,3.2,0.7,12.0,19.1,1.4,1.8,0.4,0.3,1.3,1.4,1.1,8.3,0.0,0.0,2.7,0.5,0,0,0,0,0,0,0,186750.0,0.0,0.0,0.0
43058,58,23.8,75.6,3.1768280125945423,0.0,0.0,0.0,0.0,16.6,0.0,0.0,0.0,0.0,0.0,0.0,0.0,0.0,0.0,0.0,9.7,6.9,8,0,0,8,0,0,0,186750.0,0.0,0.0,0.0
43059,59,34.0,69.9,2.054164299778372,1728.4,789.6,33.8,905.0,1820.3,73.5,716.0,19.9,13.9,62.4,67.1,53.0,722.4,0.0,0.0,82.0,9.9,76,91,0,76,0,91,1569,300000.0,0.0,0.0,0.0
43060,60,19.1,38.2,2.0063913754445313,22.2,3.6,0.8,17.8,38.5,1.5,2.0,0.4,0.3,1.4,1.5,1.2,13.7,0.0,0.0,10.8,5.5,40,61,0,40,0,61,0,300000.0,0.0,0.0,0.0
43061,61,8.2,18.4,2.2452559951072697,9.0,1.3,1.1,6.6,13.3,0.6,0.7,0.2,1.0,0.5,0.5,0.4,5.1,0.0,0.0,1.9,2.4,30,33,0,30,0,33,0,300000.0,0.0,0.0,0.0
43062,62,8.6,19.2,2.2452559951072697,58.5,2.9,0.6,55.0,64.2,1.2,1.6,0.4,0.3,5.7,1.2,1.0,47.1,0.0,0.0,3.3,2.5,28,149,0,28,0,158,0,300000.0,0.0,0.0,0.0
43063,63,50.8,103.0,2.0279662449839573,163.1,47.7,7.1,108.4,204.4,28.5,19.1,4.1,3.0,13.0,14.2,11.0,70.2,0.0,0.0,26.6,14.7,108,0,0,108,0,0,0,300000.0,0.0,0.0,0.0
43064,64,73.7,237.8,3.2262830821090147,63.3,3.6,2.7,57.1,89.8,1.5,2.0,1.5,1.2,1.4,1.5,1.2,52.9,0.0,0.0,5.2,21.4,36,35,0,36,0,35,0,186750.0,0.0,0.0,0.0
43065,65,1.1,4.1,3.6784437140869435,21.6,5.4,1.1,15.1,22.4,2.3,3.1,0.7,0.5,2.1,2.3,1.8,8.9,0.0,0.0,0.5,0.3,0,0,0,0,0,0,0,186750.0,0.0,0.0,0.0
43066,66,0.0,0.0,0.0,0.0,0.0,0.0,0.0,0.0,0.0,0.0,0.0,0.0,0.0,0.0,0.0,0.0,0.0,0.0,0.0,0.0,3,0,0,3,0,0,0,300000.0,0.0,0.0,0.0
43067,67,18.3,33.2,1.8152996801156311,48.0,4.1,0.9,42.9,73.8,1.8,2.4,0.5,0.4,1.6,1.8,1.4,38.1,0.0,0.0,20.5,5.3,2,0,0,2,0,0,0,89776.0,0.0,0.0,0.0
43068,68,47.1,94.9,2.013991613771544,242.1,16.0,3.4,222.7,266.5,6.9,9.1,2.0,1.4,18.2,6.8,5.4,192.3,0.0,0.0,10.7,13.7,172,21,0,172,0,21,476,213754.0,0.0,0.0,0.0
43069,69,219.3,363.9,1.6592008907497349,73.1,2.5,0.5,70.1,218.2,1.1,1.4,0.3,0.2,57.5,1.1,2.2,9.3,0.0,0.0,81.5,63.6,40,0,0,40,0,0,0,90661.0,0.0,0.0,0.0
43070,70,88.8,285.7,3.2181375413658353,45.2,7.3,1.4,36.5,78.8,3.8,3.6,0.8,0.6,7.0,9.2,2.1,18.2,0.0,0.0,7.9,25.7,43,0,0,43,0,0,0,186750.0,0.0,0.0,0.0
43071,71,189.6,424.3,2.2382219454710026,53.7,11.4,3.7,38.7,144.1,8.5,2.9,0.6,3.0,12.0,4.4,3.0,19.3,0.0,0.0,35.4,55.0,67,0,0,67,0,0,0,219315.0,0.0,0.0,0.0
43072,72,38.9,87.3,2.245255995107272,8.3,1.4,0.3,6.6,25.3,0.6,0.8,0.2,0.1,3.3,0.6,0.5,2.3,0.0,0.0,5.7,11.3,14,0,0,14,0,0,0,232212.0,0.0,0.0,0.0
43073,73,157.4,353.9,2.2483053310018835,24.4,2.9,0.6,20.9,90.6,1.3,1.6,0.4,0.3,1.2,1.2,1.0,17.5,0.0,0.0,20.5,45.6,59,0,0,59,0,0,0,232212.0,0.0,0.0,0.0
43074,74,206.9,462.4,2.2350189406094705,628.6,7.9,4.3,616.5,707.1,3.4,4.5,1.0,3.3,7.6,45.8,2.6,560.5,0.0,0.0,18.5,60.0,82,0,0,82,0,0,0,229157.0,0.0,0.0,0.0
43075,75,217.0,274.3,1.264215886161916,419.2,7.5,5.1,406.7,555.3,3.2,4.2,0.9,4.1,22.1,3.2,2.5,379.0,0.0,0.0,73.2,62.9,13,0,0,13,0,0,0,134324.0,0.0,0.0,0.0
43076,76,10.1,25.5,2.5245785706479333,0.0,0.0,0.0,0.0,3.1,0.0,0.0,0.0,0.0,0.0,0.0,0.0,0.0,0.0,0.0,0.1,2.9,0,0,0,0,0,0,0,55000.0,0.0,0.0,0.0
43077,77,203.2,336.6,1.6568568164991062,48.3,10.1,1.3,36.9,115.8,6.7,3.4,0.8,0.5,6.9,2.5,2.0,25.5,0.0,0.0,8.6,58.9,51,0,0,51,0,0,0,89776.0,0.0,0.0,0.0
43078,78,11.3,13.9,1.226100285014422,643.7,397.4,35.0,211.2,661.6,204.8,192.7,3.4,31.6,37.6,11.4,23.4,138.8,0.0,0.0,14.6,3.3,1,0,0,1,0,0,125,55000.0,0.0,0.0,0.0
43079,79,53.8,67.9,1.2624987031245343,214.7,48.6,2.9,163.2,241.9,5.9,42.8,1.7,1.2,44.5,5.8,35.2,77.6,0.0,0.0,11.5,15.6,4,0,0,4,0,0,127,55000.0,0.0,0.0,0.0
43080,80,63.4,81.1,1.279412098079249,24.4,2.9,0.6,20.9,100.3,1.3,1.6,0.4,0.3,1.2,1.2,1.0,17.5,0.0,0.0,57.5,18.4,2,0,0,2,0,0,0,55000.0,0.0,0.0,0.0
43081,81,51.1,62.6,1.2261002850144216,28.6,1.9,0.4,26.2,77.4,0.8,1.1,0.2,0.2,3.1,0.8,19.1,3.2,0.0,0.0,34.0,14.8,2,0,0,2,0,0,0,55000.0,0.0,0.0,0.0
43082,82,35.9,44.9,1.2495676853855382,16.6,1.5,0.3,14.7,50.9,0.6,0.8,0.2,0.1,8.1,0.6,0.5,5.5,0.0,0.0,23.9,10.4,2,0,0,2,0,0,0,55000.0,0.0,0.0,0.0
43083,83,0.0,0.0,0.0,480.1,9.6,2.1,468.5,485.6,4.1,5.5,1.2,0.9,3.8,445.6,3.2,15.9,0.0,0.0,5.5,0.0,0,0,0,0,0,0,0,55000.0,383.0,741.0,0.0
43084,84,0.0,0.0,0.0,0.0,0.0,0.0,0.0,0.0,0.0,0.0,0.0,0.0,0.0,0.0,0.0,0.0,0.0,0.0,0.0,0.0,0,0,0,0,0,0,0,55000.0,0.0,0.0,0.0
43085,85,108.4,137.3,1.26617944176401,580.8,73.0,1.5,506.2,638.0,31.2,41.9,0.9,0.6,9.8,220.6,11.0,264.8,0.0,0.0,25.7,31.4,7,0,0,7,0,0,0,55000.0,0.0,0.0,1175.0
43086,86,161.2,240.8,1.4936286584748801,265.4,58.6,17.1,189.7,348.6,9.4,49.2,0.9,16.2,2.9,86.2,2.5,98.1,0.0,0.0,36.5,46.7,235,121,0,235,0,121,98,101066.0,0.0,0.0,0.0
43087,87,152.3,252.6,1.6586044897452876,333.3,173.2,1.4,158.8,384.0,6.2,167.0,0.8,0.6,49.7,2.8,2.2,104.1,0.0,0.0,6.5,44.1,38,200,0,38,0,200,97,89776.0,0.0,0.0,0.0
43088,88,41.9,128.4,3.066717248411864,680.9,192.1,17.6,471.2,701.2,127.1,65.0,6.9,10.7,27.2,5.7,4.5,433.8,0.0,0.0,8.1,12.1,21,31,0,21,0,31,182,187862.0,0.0,0.0,0.0
43089,89,99.0,300.6,3.036842235153902,753.5,210.6,42.2,500.7,807.4,44.3,166.4,37.9,4.3,10.6,8.5,161.0,320.5,0.0,0.0,25.2,28.7,43,14,0,43,0,14,0,187862.0,0.0,0.0,0.0
43090,90,95.9,291.9,3.0430638258643135,1471.1,225.4,28.9,1216.9,1518.0,83.6,141.7,2.9,26.0,391.5,22.3,45.6,757.5,0.0,0.0,19.1,27.8,44,325,0,44,0,325,82,187862.0,0.0,0.0,0.0
43091,91,49.7,149.5,3.0096227784293323,1282.3,148.4,9.5,1124.4,1312.3,34.8,113.6,7.7,1.8,374.4,63.3,179.3,507.4,0.0,0.0,15.7,14.4,22,0,0,22,0,0,263,187862.0,0.0,0.0,0.0
43092,92,208.9,633.5,3.032131175857095,215.8,7.5,10.3,198.0,282.1,3.2,4.3,0.9,9.3,5.7,3.2,2.5,186.6,0.0,0.0,5.7,60.6,103,216,0,103,0,216,115,187862.0,0.0,0.0,0.0
43093,93,154.3,465.7,3.0187847089585786,149.6,1.5,4.7,143.4,205.6,0.6,0.8,0.2,4.5,25.5,0.6,0.5,116.9,0.0,0.0,11.2,44.7,72,0,0,72,0,0,0,187862.0,0.0,0.0,0.0
43094,94,0.0,0.0,0.0,264.4,110.4,0.8,153.1,266.2,87.2,23.2,0.5,0.3,1.5,1.6,1.2,148.9,0.0,0.0,1.9,0.0,0,34,0,0,0,34,28,110156.0,0.0,0.0,0.0
43095,95,0.0,0.0,0.0,391.8,11.8,104.6,275.4,394.9,8.6,3.2,0.7,103.9,21.1,2.4,83.7,168.2,0.0,0.0,3.1,0.0,0,0,0,0,0,0,0,187862.0,0.0,0.0,0.0
43096,96,37.4,95.3,2.5457630978785066,214.5,7.6,1.6,205.2,236.3,3.3,4.3,1.0,0.7,13.0,3.3,2.6,186.4,0.0,0.0,11.0,10.8,24,98,0,24,0,98,0,131127.0,0.0,0.0,0.0
43097,97,0.0,0.0,0.0,0.0,0.0,0.0,0.0,0.0,0.0,0.0,0.0,0.0,0.0,0.0,0.0,0.0,0.0,0.0,0.0,0.0,0,17,0,0,0,17,0,131964.0,0.0,0.0,0.0
43098,98,6.8,11.3,1.6719809081173418,631.1,233.0,20.0,378.1,672.0,73.1,159.9,12.6,7.4,35.8,35.6,34.6,272.1,0.0,0.0,38.9,2.0,5,416,0,5,0,416,359,131964.0,0.0,0.0,0.0
43099,99,174.0,260.0,1.4941029993242194,1500.4,82.4,5.4,1412.6,1594.3,8.8,73.7,1.6,3.8,44.5,5.5,8.1,1354.4,0.0,0.0,43.4,50.4,246,55,0,246,0,55,32,131964.0,0.0,0.0,0.0
43100,100,74.2,110.5,1.4895751983013352,0.0,0.0,0.0,0.0,27.9,0.0,0.0,0.0,0.0,0.0,0.0,0.0,0.0,0.0,0.0,6.4,21.5,115,20,0,115,0,20,16,117132.0,0.0,0.0,0.0
43101,101,74.1,190.3,2.5667548622392684,79.1,15.2,0.4,63.5,101.9,14.2,1.0,0.2,0.1,12.5,0.7,0.6,49.8,0.0,0.0,1.3,21.5,57,105,0,57,0,105,0,129962.0,0.0,0.0,0.0
43102,102,88.3,226.2,2.561208742216331,623.7,473.3,15.2,135.1,654.5,101.2,372.1,14.5,0.8,6.4,3.7,2.9,122.1,0.0,0.0,5.2,25.6,68,76,0,68,0,76,542,130536.0,0.0,0.0,0.0
43103,103,95.1,243.2,2.557185087044536,47.7,6.1,1.3,40.3,139.4,2.6,3.5,0.8,0.5,9.7,2.6,2.1,25.9,0.0,0.0,64.1,27.6,40,0,0,40,0,0,0,130536.0,0.0,0.0,0.0
43104,104,77.8,196.9,2.5300077660388927,69.7,23.5,0.6,45.5,96.2,2.3,21.2,0.4,0.3,5.9,1.2,1.0,37.5,0.0,0.0,3.9,22.6,58,0,0,58,0,0,0,123226.0,0.0,0.0,0.0
43105,105,225.8,513.1,2.2727532014619127,48.8,5.9,1.3,41.7,193.4,2.5,3.3,0.7,0.5,6.9,2.5,2.0,30.4,0.0,0.0,79.1,65.5,315,210,0,315,0,210,152,61909.0,0.0,0.0,0.0
43106,106,14.6,20.0,1.3710114872219006,0.0,0.0,0.0,0.0,10.4,0.0,0.0,0.0,0.0,0.0,0.0,0.0,0.0,0.0,0.0,6.2,4.2,15,0,0,15,0,0,0,131964.0,0.0,0.0,0.0
43107,107,33.1,42.5,1.2818353624006704,9.7,1.2,2.3,6.1,38.8,0.5,0.7,2.2,0.1,3.2,0.5,0.4,2.0,0.0,0.0,19.6,9.6,160,0,0,160,0,0,0,127666.0,0.0,0.0,0.0
43108,108,80.4,120.7,1.4999983823213305,281.5,129.1,24.0,128.5,320.4,8.5,120.6,0.8,23.2,70.7,2.8,3.6,51.4,0.0,0.0,15.5,23.3,124,0,0,124,0,0,12,131964.0,0.0,0.0,0.0
43109,109,22.8,27.4,1.20002305373582,2593.2,1450.5,24.4,1118.3,2626.6,413.8,1036.7,7.0,17.4,254.7,411.8,4.2,447.7,0.0,0.0,26.7,6.6,78,0,0,78,0,0,71,67500.0,0.0,0.0,0.0
43110,110,20.3,24.4,1.20002305373582,23.9,4.1,0.7,19.1,45.8,2.4,1.7,0.4,0.3,8.6,1.3,1.0,8.1,0.0,0.0,16.0,5.9,88,59,0,88,0,59,0,67500.0,0.0,0.0,0.0
43111,111,136.3,349.3,2.5627003777664616,38.4,6.8,1.5,30.1,115.6,3.0,3.9,0.9,0.6,2.7,2.9,2.3,22.1,0.0,0.0,37.7,39.5,82,0,0,82,0,0,0,130536.0,0.0,0.0,0.0
43112,112,49.6,61.9,1.247536853085559,2718.7,305.7,9.9,2403.1,2785.0,17.7,288.0,4.2,5.6,23.5,14.3,11.1,2354.2,0.0,0.0,51.9,14.4,251,405,0,251,0,405,372,67500.0,0.0,0.0,0.0
43113,113,37.6,48.5,1.28979751645631,0.0,0.0,0.0,0.0,33.9,0.0,0.0,0.0,0.0,0.0,0.0,0.0,0.0,0.0,0.0,23.0,10.9,218,200,0,218,0,200,36,67500.0,0.0,0.0,0.0
43114,114,37.3,47.1,1.263257003606332,34.4,6.6,1.4,26.4,63.6,2.9,3.7,0.8,0.6,7.2,2.8,2.3,14.1,0.0,0.0,18.3,10.8,226,50,0,226,0,50,54,67500.0,0.0,0.0,0.0
43115,115,6.7,11.1,1.6719809081173413,411.1,367.0,2.0,42.1,418.1,4.0,363.1,1.2,0.8,20.1,3.9,3.1,15.1,0.0,0.0,5.1,1.9,11,96,0,11,0,96,220,131964.0,0.0,0.0,0.0
43116,116,38.5,49.5,1.2861226758142519,110.2,24.5,5.3,80.4,183.5,10.8,13.7,3.2,2.2,17.0,10.6,8.5,44.3,0.0,0.0,62.2,11.2,103,283,0,103,0,283,0,67500.0,0.0,0.0,0.0
43117,117,38.4,49.3,1.2836332684464304,745.7,641.7,3.3,100.7,774.8,33.5,608.2,2.0,1.4,19.4,6.6,5.2,69.6,0.0,0.0,17.9,11.1,261,617,0,261,0,617,366,67500.0,0.0,0.0,0.0
43118,118,199.2,681.1,3.418723908983407,169.8,32.9,8.5,128.4,235.4,6.6,26.3,4.6,3.8,26.4,1.2,1.0,99.8,0.0,2.7,5.3,57.8,7,0,0,7,0,0,0,188958.0,0.0,0.0,0.0
43119,119,108.3,372.4,3.437282319524532,110.5,3.4,5.0,102.1,149.4,1.5,1.9,0.4,4.6,11.3,1.4,7.5,81.9,0.0,0.0,7.4,31.4,4,0,0,4,0,0,0,188958.0,0.0,0.0,0.0
43120,120,0.0,0.0,0.0,0.0,0.0,0.0,0.0,0.0,0.0,0.0,0.0,0.0,0.0,0.0,0.0,0.0,0.0,0.0,0.0,0.0,0,0,0,0,0,0,0,140668.0,0.0,0.0,0.0
43121,121,0.0,0.0,0.0,0.0,0.0,0.0,0.0,0.0,0.0,0.0,0.0,0.0,0.0,0.0,0.0,0.0,0.0,0.0,0.0,0.0,0,0,0,0,0,0,0,140668.0,0.0,0.0,0.0
43122,122,171.2,362.0,2.113880454192441,64.5,3.5,3.4,57.5,120.1,1.5,2.0,0.4,3.0,28.5,1.5,2.5,25.0,0.0,0.0,6.0,49.6,241,0,0,241,0,0,0,140668.0,0.0,0.0,0.0
43123,123,88.5,187.3,2.1165948251668376,923.1,13.3,4.8,905.1,958.2,7.5,5.8,1.3,3.5,14.0,4.3,3.3,883.5,0.0,2.7,6.8,25.7,125,0,0,125,0,0,0,140668.0,0.0,0.0,0.0
43124,124,32.8,69.1,2.110894646923191,23.9,3.0,1.5,19.3,35.7,1.3,1.7,0.4,1.1,1.2,1.3,1.0,15.8,0.0,0.0,2.4,9.5,46,0,0,46,0,0,0,140668.0,0.0,0.0,0.0
43125,125,110.2,379.6,3.446214223138313,714.3,5.4,3.7,705.1,754.4,2.3,3.1,0.7,3.1,19.4,2.3,1.7,681.7,0.0,2.7,5.5,31.9,4,0,0,4,0,0,0,188958.0,0.0,0.0,0.0
43126,126,26.2,88.2,3.36975712824447,168.1,12.8,2.8,152.5,182.3,5.6,7.3,1.6,1.1,7.6,119.2,4.3,21.3,0.0,0.0,6.6,7.6,1,0,0,1,0,0,0,188958.0,360.0,0.0,0.0
43127,127,205.6,704.1,3.423892462867835,119.4,2.8,1.5,115.1,187.2,1.2,1.6,0.4,1.1,56.6,1.2,0.9,56.4,0.0,0.0,8.2,59.6,7,0,0,7,0,0,0,188958.0,0.0,0.0,0.0
43128,128,0.0,0.0,0.0,535.4,159.8,158.2,217.5,549.4,65.3,94.5,98.0,60.2,90.0,51.1,16.4,60.0,0.0,0.0,14.0,0.0,0,0,0,0,0,0,0,140668.0,55.0,57.0,47.0
43129,129,100.3,342.6,3.414435449879567,40.2,7.0,1.5,31.7,79.1,3.0,3.9,0.9,0.6,14.8,3.0,2.4,11.6,0.0,0.0,9.9,29.1,3,0,0,3,0,0,0,188958.0,0.0,0.0,0.0
43130,130,0.0,0.0,0.0,88.2,21.6,4.7,61.9,102.7,9.5,12.1,2.8,1.9,8.6,9.3,7.5,36.5,0.0,0.0,14.5,0.0,0,0,0,0,0,0,0,140668.0,0.0,0.0,0.0
43131,131,0.0,0.0,0.0,0.0,0.0,0.0,0.0,0.0,0.0,0.0,0.0,0.0,0.0,0.0,0.0,0.0,0.0,0.0,0.0,0.0,0,0,0,0,0,0,0,140668.0,0.0,0.0,0.0
43132,132,19.7,42.3,2.1471957836906195,56.0,4.8,1.0,50.1,64.8,2.1,2.8,0.6,0.4,27.2,2.1,1.6,19.2,0.0,0.0,3.1,5.7,27,0,0,27,0,0,0,140668.0,0.0,0.0,0.0
43133,133,47.8,100.4,2.0988878882176,15.9,3.2,0.7,12.0,32.7,1.4,1.8,0.4,0.3,4.0,1.4,1.1,5.4,0.0,0.0,2.9,13.9,68,0,0,68,0,0,0,140668.0,0.0,0.0,0.0
43134,134,0.0,0.0,0.0,0.0,0.0,0.0,0.0,0.0,0.0,0.0,0.0,0.0,0.0,0.0,0.0,0.0,0.0,0.0,0.0,0.0,0,0,0,0,0,0,0,188828.0,0.0,0.0,0.0
43135,135,0.0,0.0,0.0,1381.0,47.8,24.3,1308.9,1406.3,20.6,27.1,20.1,4.2,52.1,20.3,918.5,318.0,0.0,0.0,25.3,0.0,0,0,0,0,0,0,0,186750.0,0.0,0.0,0.0
43136,136,0.0,0.0,0.0,214.8,17.2,3.7,194.0,223.8,7.4,9.7,2.2,1.5,6.8,7.3,151.4,28.5,0.0,0.0,9.0,0.0,0,0,0,0,0,0,0,63783.0,0.0,0.0,0.0
43137,137,0.0,0.0,0.0,679.7,110.8,122.1,446.8,730.6,48.1,62.7,96.0,26.1,44.0,47.4,37.6,317.8,0.0,0.0,50.9,0.0,0,0,0,0,0,0,0,140668.0,0.0,0.0,0.0
43138,138,2.3,6.2,2.675212311102143,0.0,0.0,0.0,0.0,1.1,0.0,0.0,0.0,0.0,0.0,0.0,0.0,0.0,0.0,0.0,0.4,0.7,1,0,0,1,0,0,0,140668.0,0.0,0.0,0.0
43139,139,259.5,659.0,2.53954405422791,190.6,46.3,10.0,134.4,312.2,20.2,26.0,5.9,4.1,21.2,19.9,15.8,77.5,0.0,0.0,46.4,75.2,100,0,0,100,0,0,0,55000.0,0.0,0.0,0.0
43140,140,131.2,332.2,2.5330337116386628,0.0,0.0,0.0,0.0,144.7,0.0,0.0,0.0,0.0,0.0,0.0,0.0,0.0,0.0,0.0,106.7,38.0,0,0,0,0,0,0,0,144606.0,0.0,0.0,0.0
43141,141,70.9,179.6,2.5330337116386623,0.0,0.0,0.0,0.0,101.8,0.0,0.0,0.0,0.0,0.0,0.0,0.0,0.0,0.0,0.0,81.3,20.6,0,0,0,0,0,0,0,55000.0,0.0,0.0,0.0
43142,142,63.3,144.0,2.2739197499082207,33.7,6.7,2.3,24.7,73.2,2.9,3.8,0.9,1.5,5.4,2.9,2.3,14.2,0.0,0.0,21.1,18.4,93,70,0,93,0,70,0,55000.0,0.0,0.0,0.0
43143,143,0.0,0.0,0.0,0.0,0.0,0.0,0.0,0.0,0.0,0.0,0.0,0.0,0.0,0.0,0.0,0.0,0.0,0.0,0.0,0.0,88,0,0,88,0,0,0,55000.0,0.0,0.0,0.0
43144,144,3.0,8.2,2.6752123111021415,122.9,9.1,2.0,111.8,202.3,4.0,5.1,1.2,0.8,3.6,3.9,3.1,101.2,0.0,69.0,9.6,0.9,1,0,0,1,0,0,0,140668.0,0.0,0.0,0.0
43145,145,17.6,36.8,2.0899939930287514,28.2,6.1,4.8,17.3,44.2,2.7,3.4,0.8,4.0,2.4,2.6,2.1,10.2,0.0,0.0,10.9,5.1,18,0,0,18,0,0,0,125881.0,0.0,0.0,0.0
43146,146,70.7,243.1,3.439579094424203,90.6,1.1,7.4,82.0,546.9,0.5,0.6,7.3,0.1,3.2,0.5,0.4,78.0,424.9,0.0,11.0,20.5,2,0,0,2,0,0,0,120952.0,0.0,0.0,0.0
43147,147,40.5,141.1,3.4833709417302217,27.5,2.5,0.5,24.4,146.6,1.1,1.4,0.3,0.2,16.0,3.3,0.9,4.2,100.7,0.0,6.7,11.7,1,0,0,1,0,0,0,120952.0,0.0,0.0,0.0
43148,148,42.5,139.7,3.282431318277496,6.0,1.2,0.3,4.6,25.0,0.5,0.7,0.2,0.1,0.5,0.5,1.6,2.0,0.0,0.0,6.6,12.3,4,0,0,4,0,0,0,100952.0,0.0,0.0,0.0
43149,149,33.9,109.0,3.212657705844923,6.7,1.4,1.3,4.0,24.0,0.6,0.8,1.2,0.1,0.6,0.6,0.5,2.4,0.0,0.0,7.5,9.8,3,0,0,3,0,0,0,100952.0,0.0,0.0,0.0
43150,150,62.6,205.7,3.2843170913424524,29.2,2.2,0.5,26.6,56.1,0.9,1.2,0.3,0.2,0.9,0.9,0.7,24.1,0.0,0.0,8.7,18.2,40,0,0,40,0,0,0,100952.0,0.0,0.0,0.0
43151,151,106.5,349.7,3.2843170913424524,235.6,4.8,1.0,229.7,338.7,2.1,2.8,0.6,0.4,4.1,24.9,192.6,8.0,0.0,0.0,72.2,30.9,5,0,0,5,0,0,4,100952.0,0.0,0.0,0.0
43152,152,92.4,300.6,3.2520703678184035,34.6,29.3,0.1,5.2,76.1,0.2,29.2,0.0,0.0,0.1,0.2,4.3,0.6,0.0,0.0,14.7,26.8,8,0,0,20,0,0,0,100952.0,0.0,0.0,0.0
43153,153,136.7,445.5,3.2591828290178957,18.1,3.5,4.1,10.4,62.8,1.1,2.4,0.3,3.8,1.0,1.1,0.9,7.4,0.0,0.0,5.1,39.6,13,0,0,20,0,0,0,100952.0,0.0,0.0,0.0
43154,154,40.8,127.8,3.1312265856421564,8.3,1.3,0.3,6.7,29.9,0.6,0.8,0.2,0.1,0.5,0.6,0.5,5.1,0.0,0.0,9.7,11.8,21,0,0,21,0,0,0,87083.0,0.0,0.0,0.0
43155,155,41.1,128.6,3.1312265856421555,9.0,1.3,3.9,3.8,30.7,0.6,0.8,0.2,3.7,0.5,0.6,0.5,2.2,0.0,0.0,9.8,11.9,21,0,0,21,0,0,0,87083.0,0.0,0.0,0.0
43156,156,89.0,291.1,3.2701518642216354,53.3,5.2,4.1,44.1,85.7,2.8,2.4,1.4,2.6,1.7,1.8,33.3,7.2,0.0,0.0,6.6,25.8,8,0,0,8,0,0,0,100952.0,0.0,0.0,0.0
43157,157,45.5,143.9,3.1645934832409117,36.2,12.4,0.3,23.5,55.9,11.7,0.7,0.2,0.1,0.5,0.5,0.4,22.1,0.0,0.0,6.5,13.2,26,0,0,26,0,0,0,88558.0,0.0,0.0,0.0
43158,158,76.4,249.2,3.262819275994162,19.4,3.4,0.7,15.3,50.7,1.5,1.9,0.4,0.3,4.1,1.5,1.2,8.6,0.0,0.0,9.1,22.1,7,0,0,7,0,0,0,100952.0,0.0,0.0,0.0
43159,159,78.8,245.2,3.1121034059827246,22.0,6.4,3.6,12.0,66.1,4.5,1.9,2.5,1.2,4.0,1.4,1.1,5.5,0.0,0.0,21.3,22.8,38,0,0,38,0,0,0,87083.0,0.0,0.0,0.0
43160,160,30.9,105.4,3.4109153396232537,36.7,1.3,26.8,8.5,68.6,0.6,0.7,22.5,4.4,0.5,0.6,0.4,7.0,0.0,0.0,23.0,9.0,0,0,0,0,0,0,0,120952.0,0.0,0.0,0.0
43161,161,44.1,139.7,3.16459348324091,110.0,3.5,1.8,104.7,128.2,1.5,2.0,1.5,0.3,4.1,1.5,1.2,97.9,0.0,0.0,5.4,12.8,26,0,0,26,0,0,0,87083.0,0.0,0.0,0.0
43162,162,15.0,38.2,2.5395440542279095,81.8,63.0,1.1,17.7,89.6,60.0,3.0,0.7,0.5,2.1,2.3,1.8,11.6,0.0,0.0,3.4,4.4,0,0,0,0,0,0,0,120952.0,0.0,0.0,0.0
43163,163,205.3,709.8,3.4573013075780086,546.5,251.8,11.5,283.3,634.1,194.4,57.3,1.2,10.3,189.8,4.0,55.3,34.2,0.0,0.0,28.0,59.5,6,0,0,6,0,0,0,120952.0,0.0,0.0,0.0
43164,164,88.1,275.2,3.123715762320395,148.9,64.4,1.1,83.3,181.5,46.6,17.8,0.7,0.5,6.5,43.6,1.8,31.5,0.0,0.0,7.1,25.5,53,0,0,53,0,0,0,87083.0,0.0,0.0,0.0
43165,165,132.1,450.6,3.4109153396232523,0.0,0.0,0.0,0.0,62.4,0.0,0.0,0.0,0.0,0.0,0.0,0.0,0.0,0.0,0.0,24.1,38.3,1,0,0,1,0,0,0,120952.0,0.0,0.0,0.0
43166,166,30.1,105.4,3.496038004270936,11.7,2.6,1.4,7.6,33.5,1.2,1.5,0.3,1.1,1.1,1.1,0.9,4.5,0.0,0.0,13.1,8.7,1,0,0,1,0,0,0,120952.0,0.0,0.0,0.0
43167,167,24.0,81.3,3.3918061700903626,29.1,7.1,1.5,20.5,58.2,3.1,3.9,0.9,0.6,2.8,3.1,2.5,12.1,0.0,0.0,22.2,7.0,1,0,0,1,0,0,0,120952.0,0.0,0.0,0.0
43168,168,0.0,0.0,0.0,0.0,0.0,0.0,0.0,0.0,0.0,0.0,0.0,0.0,0.0,0.0,0.0,0.0,0.0,0.0,0.0,0.0,0,0,0,0,0,0,0,120952.0,0.0,0.0,0.0
43169,169,30.4,106.3,3.496038004270935,143.0,52.2,40.6,50.3,165.3,48.8,3.4,0.8,39.8,6.9,2.5,7.2,33.6,0.0,0.0,13.4,8.8,1,0,0,1,0,0,0,120952.0,0.0,0.0,0.0
43170,170,19.6,57.0,2.9067272504839954,412.2,7.4,12.1,392.7,431.2,3.2,4.2,0.9,11.2,9.8,252.3,2.5,128.1,0.0,0.0,13.3,5.7,2,0,0,2,0,0,0,113250.0,450.0,476.0,488.0
43171,171,112.3,332.3,2.957941161216627,626.8,6.3,201.0,419.5,666.6,2.7,3.6,199.6,1.4,6.9,67.7,2.1,342.8,0.0,0.0,7.2,32.6,16,0,0,16,0,0,0,113250.0,0.0,0.0,0.0
43172,172,83.4,248.8,2.9817552402378222,181.0,95.9,0.5,84.5,219.7,36.5,59.4,0.3,0.2,5.5,61.4,0.8,16.8,0.0,0.0,14.6,24.2,11,0,0,11,0,0,0,113250.0,0.0,0.0,0.0
43173,173,20.6,55.1,2.6752123111021424,18.7,3.5,0.7,14.5,40.5,1.5,2.0,0.4,0.3,6.0,1.5,1.2,5.8,0.0,0.0,15.9,6.0,10,0,0,10,0,0,0,93264.0,0.0,0.0,0.0
43174,174,28.1,81.7,2.9067272504839976,17.8,4.4,0.9,12.5,34.0,1.9,2.4,0.6,0.4,1.7,1.9,1.5,7.4,0.0,0.0,8.0,8.1,4,0,0,4,0,0,0,113250.0,0.0,0.0,0.0
43175,175,430.4,1486.4,3.453286666440374,152.4,8.3,33.1,111.0,374.5,3.6,4.7,32.4,0.7,13.1,3.5,11.5,82.9,0.0,0.0,97.3,124.8,12,0,0,12,0,0,0,120952.0,0.0,0.0,0.0
43176,176,156.2,461.5,2.9545932084787614,122.3,7.6,1.6,113.1,272.9,3.3,4.3,1.0,0.7,13.0,3.2,2.6,94.3,0.0,0.0,105.3,45.3,12,0,0,12,0,0,0,111961.0,0.0,0.0,0.0
43177,177,78.2,217.3,2.777582862099536,23.9,3.1,1.7,19.0,89.0,1.3,1.8,1.5,0.3,11.5,1.3,1.0,5.2,0.0,0.0,42.4,22.7,52,0,0,52,0,0,0,93264.0,0.0,0.0,0.0
43178,178,43.3,118.8,2.745205199822462,57.1,23.4,1.0,32.7,72.1,2.0,21.4,0.6,0.4,1.9,2.0,1.6,27.3,0.0,0.0,2.5,12.6,45,0,0,45,0,0,0,93264.0,0.0,0.0,0.0
43179,179,0.0,0.0,0.0,0.0,0.0,0.0,0.0,0.0,0.0,0.0,0.0,0.0,0.0,0.0,0.0,0.0,0.0,0.0,0.0,0.0,1,0,0,1,0,0,0,113250.0,0.0,0.0,0.0
43180,180,25.7,73.4,2.857618020918148,0.0,0.0,0.0,0.0,30.9,0.0,0.0,0.0,0.0,0.0,0.0,0.0,0.0,0.0,0.0,23.5,7.4,2,0,0,2,0,0,0,113250.0,0.0,0.0,0.0
43181,181,79.5,239.8,3.017779132000573,79.6,1.6,0.3,77.6,158.6,0.7,0.9,0.2,0.1,0.6,73.8,0.5,2.7,0.0,0.0,55.9,23.0,6,0,0,6,0,0,0,113250.0,0.0,0.0,0.0
43182,182,96.9,266.0,2.745205199822463,24.2,9.1,1.1,14.0,132.5,6.2,2.8,0.6,0.4,2.0,2.1,1.7,8.3,0.0,0.0,80.2,28.1,45,0,0,45,0,0,0,93264.0,0.0,0.0,0.0
43183,183,43.0,118.9,2.7637327288945386,23.2,3.1,0.7,19.5,48.7,1.3,1.8,0.4,0.3,1.2,1.3,1.0,15.9,0.0,0.0,13.0,12.5,35,0,0,35,0,0,0,93264.0,0.0,0.0,0.0
43184,184,8.1,27.1,3.344033246759752,23.2,3.1,0.7,19.5,35.2,1.3,1.8,0.4,0.3,1.2,1.3,1.0,15.9,0.0,0.0,9.7,2.4,0,0,0,0,0,0,0,113250.0,0.0,0.0,0.0
43185,185,41.3,113.2,2.7444006834796246,35.6,12.0,0.3,23.2,63.6,0.6,11.4,0.2,0.1,0.5,0.6,0.5,21.7,0.0,0.0,16.1,12.0,30,6,0,30,0,6,0,93264.0,0.0,0.0,0.0
43186,186,5.6,16.2,2.875858591699102,0.0,0.0,0.0,0.0,2.5,0.0,0.0,0.0,0.0,0.0,0.0,0.0,0.0,0.0,0.0,0.9,1.6,0,0,0,0,0,0,0,97917.0,0.0,0.0,0.0
43187,187,8.5,24.2,2.8424175452673532,11.4,0.9,0.2,10.3,17.8,0.4,0.5,0.1,0.1,0.4,0.4,0.3,9.3,0.0,0.0,3.9,2.5,0,0,0,0,0,0,0,97917.0,0.0,0.0,0.0
43188,188,24.4,66.3,2.7229852354359814,0.0,0.0,0.0,0.0,11.0,0.0,0.0,0.0,0.0,0.0,0.0,0.0,0.0,0.0,0.0,3.9,7.1,5,0,0,5,0,0,0,78214.0,0.0,0.0,0.0
43189,189,50.1,131.0,2.6161986995749547,14.8,10.0,0.3,4.6,49.4,9.3,0.7,0.2,0.1,0.5,0.5,1.6,2.0,0.0,0.0,20.0,14.5,0,0,0,0,0,0,0,97917.0,0.0,0.0,0.0
43190,190,107.4,281.0,2.6170539693944703,31.0,1.9,4.7,24.4,119.4,0.8,1.1,0.2,4.5,3.4,0.8,4.4,15.8,0.0,0.0,57.3,31.1,0,0,0,0,0,0,0,97917.0,0.0,0.0,0.0
43191,191,101.0,272.8,2.70093619359009,34.5,22.6,5.0,6.9,171.0,1.1,21.6,4.8,0.2,1.0,1.0,0.8,4.1,0.0,0.0,107.2,29.3,3,0,0,3,0,0,0,78214.0,0.0,0.0,0.0
43192,192,0.0,0.0,0.0,0.0,0.0,0.0,0.0,0.0,0.0,0.0,0.0,0.0,0.0,0.0,0.0,0.0,0.0,0.0,0.0,0.0,0,0,0,0,0,0,0,78214.0,0.0,0.0,0.0
43193,193,8.3,23.8,2.8758585916991017,0.0,0.0,0.0,0.0,7.0,0.0,0.0,0.0,0.0,0.0,0.0,0.0,0.0,0.0,0.0,4.6,2.4,0,0,0,0,0,0,0,97917.0,0.0,0.0,0.0
43194,194,374.6,984.5,2.628185839087228,60.8,3.9,5.9,51.0,430.5,1.7,2.2,0.5,5.4,13.1,27.4,1.3,9.3,0.0,0.0,261.1,108.6,0,0,0,0,0,0,0,97917.0,0.0,0.0,0.0
43195,195,7.1,20.1,2.842417545267354,2.8,0.7,0.1,2.0,6.5,0.3,0.4,0.1,0.1,0.3,0.3,0.2,1.2,0.0,0.0,1.7,2.1,0,0,0,0,0,0,0,97917.0,0.0,0.0,0.0
43196,196,24.3,66.0,2.720813738054526,0.0,0.0,0.0,0.0,10.0,0.0,0.0,0.0,0.0,0.0,0.0,0.0,0.0,0.0,0.0,2.9,7.0,6,0,0,6,0,0,0,78214.0,0.0,0.0,0.0
43197,197,0.0,0.0,0.0,0.0,0.0,0.0,0.0,0.0,0.0,0.0,0.0,0.0,0.0,0.0,0.0,0.0,0.0,0.0,0.0,0.0,0,0,0,0,0,0,0,78214.0,0.0,0.0,0.0
43198,198,0.0,0.0,0.0,0.0,0.0,0.0,0.0,0.0,0.0,0.0,0.0,0.0,0.0,0.0,0.0,0.0,0.0,0.0,0.0,0.0,0,0,0,0,0,0,0,78214.0,0.0,0.0,0.0
43199,199,0.0,0.0,0.0,0.0,0.0,0.0,0.0,0.0,0.0,0.0,0.0,0.0,0.0,0.0,0.0,0.0,0.0,0.0,0.0,0.0,0,0,0,0,0,0,0,78214.0,0.0,0.0,0.0
43200,200,5.5,16.5,3.0096227784293332,0.0,0.0,0.0,0.0,5.7,0.0,0.0,0.0,0.0,0.0,0.0,0.0,0.0,0.0,0.0,4.1,1.6,1,0,0,1,0,0,0,78214.0,0.0,0.0,0.0
43201,201,107.6,286.7,2.6649752556011093,0.0,0.0,0.0,0.0,44.3,0.0,0.0,0.0,0.0,0.0,0.0,0.0,0.0,0.0,0.0,13.1,31.2,135,0,0,22,113,0,0,81543.0,0.0,0.0,0.0
43202,202,464.8,1239.7,2.6669891031934356,799.1,134.8,29.9,634.4,1067.7,79.1,55.7,2.7,27.2,8.6,427.5,26.5,171.8,0.0,0.0,133.9,134.8,84,0,0,84,0,0,0,78214.0,0.0,323.0,370.0
43203,203,30.1,81.8,2.7188310678845116,10.3,1.1,1.3,7.9,29.6,0.5,0.6,1.2,0.1,0.4,0.5,0.4,6.7,0.0,0.0,10.6,8.7,3,0,0,3,0,0,0,78214.0,0.0,0.0,0.0
43204,204,22.1,81.3,3.678443714086942,3.8,0.9,0.2,2.6,29.8,0.4,0.5,0.1,0.1,0.4,0.4,0.3,1.6,0.0,0.0,19.6,6.4,0,0,0,100,0,0,303,81316.0,0.0,0.0,0.0
43205,205,1.1,4.1,3.6784437140869413,100.1,51.0,3.5,45.6,107.3,15.6,35.5,2.0,1.4,6.4,6.9,5.5,26.9,0.0,0.0,6.9,0.3,0,0,0,0,0,0,60,81316.0,0.0,0.0,0.0
43206,206,370.2,1208.8,3.2647736229352105,350.5,75.0,63.4,212.1,540.2,58.2,16.8,50.1,13.3,11.8,96.0,43.7,60.5,0.0,0.0,82.4,107.3,0,0,0,35,0,0,0,85000.0,348.0,0.0,0.0
43207,207,19.2,61.8,3.2102690590262912,0.0,0.0,0.0,0.0,11.4,0.0,0.0,0.0,0.0,0.0,0.0,0.0,0.0,0.0,0.0,5.8,5.6,0,0,0,35,0,0,0,85000.0,0.0,0.0,0.0
43208,208,57.5,144.4,2.5114194291050214,48.3,6.2,9.4,32.7,78.3,2.7,3.5,0.8,8.6,14.7,2.6,2.1,13.3,0.0,0.0,13.3,16.7,13,0,0,13,0,0,0,88828.0,0.0,0.0,0.0
43209,209,0.0,0.0,0.0,0.0,0.0,0.0,0.0,0.0,0.0,0.0,0.0,0.0,0.0,0.0,0.0,0.0,0.0,0.0,0.0,0.0,0,0,0,0,0,0,0,93533.0,0.0,0.0,0.0
43210,210,2.8,7.4,2.6752123111021433,0.0,0.0,0.0,0.0,4.0,0.0,0.0,0.0,0.0,0.0,0.0,0.0,0.0,0.0,0.0,3.2,0.8,0,0,0,0,0,0,0,124821.0,0.0,0.0,0.0
43211,211,4.5,12.0,2.6752123111021424,0.0,0.0,0.0,0.0,5.7,0.0,0.0,0.0,0.0,0.0,0.0,0.0,0.0,0.0,0.0,4.4,1.3,0,0,0,0,0,0,0,109285.0,0.0,0.0,0.0
43212,212,6.3,16.8,2.675212311102142,0.0,0.0,0.0,0.0,3.5,0.0,0.0,0.0,0.0,0.0,0.0,0.0,0.0,0.0,0.0,1.6,1.8,1,0,0,1,0,0,0,124821.0,0.0,0.0,0.0
43213,213,2.3,6.0,2.6752123111021415,0.0,0.0,0.0,0.0,1.0,0.0,0.0,0.0,0.0,0.0,0.0,0.0,0.0,0.0,0.0,0.3,0.7,0,0,0,0,0,0,0,124821.0,0.0,0.0,0.0
43214,214,8.9,23.8,2.6752123111021424,0.0,0.0,0.0,0.0,5.2,0.0,0.0,0.0,0.0,0.0,0.0,0.0,0.0,0.0,0.0,2.7,2.6,2,0,0,2,0,0,0,124821.0,0.0,0.0,0.0
43215,215,31.8,108.5,3.4109153396232528,2.8,0.7,0.1,2.0,14.6,0.3,0.4,0.1,0.1,0.3,0.3,0.2,1.2,0.0,0.0,2.6,9.2,0,0,0,0,0,0,0,81316.0,0.0,0.0,0.0
43216,216,54.7,176.8,3.232563090984023,21.7,4.6,1.0,16.1,193.8,2.0,2.6,0.6,0.4,1.8,2.0,1.6,10.7,0.0,0.0,156.2,15.9,0,0,0,0,0,0,0,85000.0,0.0,0.0,0.0
43217,217,19.8,48.6,2.460234153606322,62.0,3.7,0.8,57.4,77.4,1.6,2.1,0.5,0.3,1.5,1.6,1.3,53.1,0.0,0.0,9.7,5.7,4,0,0,4,0,0,0,92964.0,0.0,0.0,0.0
43218,218,5.4,20.0,3.678443714086944,0.0,0.0,0.0,0.0,7.8,0.0,0.0,0.0,0.0,0.0,0.0,0.0,0.0,0.0,0.0,6.2,1.6,0,0,0,0,0,0,0,81316.0,0.0,0.0,0.0
43219,219,17.0,55.6,3.277151152893021,0.0,0.0,0.0,0.0,13.6,0.0,0.0,0.0,0.0,0.0,0.0,0.0,0.0,0.0,0.0,8.7,4.9,0,0,0,0,0,0,0,81316.0,0.0,0.0,0.0
43220,220,31.6,107.8,3.410915339623252,9.0,1.3,3.9,3.8,20.7,0.6,0.8,0.2,3.7,0.5,0.6,0.5,2.2,0.0,0.0,2.5,9.2,0,0,0,0,0,0,0,81316.0,0.0,0.0,0.0
43221,221,37.6,94.2,2.5080070769369316,89.8,2.8,76.6,10.4,212.7,1.2,1.6,73.0,3.6,3.7,1.2,0.9,4.6,100.7,0.0,11.4,10.9,8,0,0,8,0,0,0,109335.0,0.0,0.0,0.0
43222,222,18.7,45.4,2.4244044603559423,11.4,0.9,0.2,10.3,81.1,0.4,0.5,0.1,0.1,8.0,0.4,0.3,1.6,0.0,0.0,64.3,5.4,3,0,0,3,0,0,0,124821.0,0.0,0.0,0.0
43223,223,7.7,20.7,2.6752123111021415,8.3,1.4,0.3,6.6,12.0,0.6,0.8,0.2,0.1,3.3,0.6,0.5,2.3,0.0,0.0,1.5,2.2,2,0,0,2,0,0,0,124821.0,0.0,0.0,0.0
43224,224,17.0,57.6,3.3918061700903617,0.0,0.0,0.0,0.0,8.8,0.0,0.0,0.0,0.0,0.0,0.0,0.0,0.0,0.0,0.0,3.9,4.9,0,0,0,0,0,0,0,81316.0,0.0,0.0,0.0
43225,225,10.5,34.3,3.277151152893021,0.0,0.0,0.0,0.0,3.7,0.0,0.0,0.0,0.0,0.0,0.0,0.0,0.0,0.0,0.0,0.6,3.0,0,0,0,0,0,0,0,81316.0,0.0,0.0,0.0
43226,226,28.2,99.0,3.511238479921731,66.7,62.4,0.3,4.0,80.6,0.6,61.8,0.2,0.1,0.6,0.6,0.5,2.4,0.0,0.0,5.8,8.2,0,0,0,0,0,0,46,81316.0,0.0,0.0,0.0
43227,227,49.8,168.7,3.388621308668753,24.4,2.9,0.6,20.8,45.6,1.3,1.7,0.4,0.3,5.8,1.3,1.0,12.8,0.0,0.0,6.8,14.4,0,0,0,0,0,0,0,81316.0,0.0,0.0,0.0
43228,228,23.7,61.2,2.579666463437693,78.8,1.7,0.4,76.7,90.1,0.7,1.0,0.2,0.2,4.9,53.8,0.6,17.4,0.0,0.0,4.4,6.9,6,0,0,6,0,0,0,124821.0,0.0,0.0,0.0
43229,229,7.0,18.6,2.6752123111021424,0.0,0.0,0.0,0.0,6.6,0.0,0.0,0.0,0.0,0.0,0.0,0.0,0.0,0.0,0.0,4.6,2.0,1,0,0,1,0,0,0,124821.0,0.0,0.0,0.0
43230,230,11.6,27.2,2.3408018437749525,28.6,2.2,20.3,6.1,36.4,0.9,1.2,20.1,0.2,0.9,0.9,0.7,3.6,0.0,0.0,4.4,3.4,2,0,0,2,0,0,0,124821.0,0.0,0.0,0.0
43231,231,324.5,739.6,2.278951631572155,320.9,222.1,5.5,93.3,629.1,4.6,217.5,1.0,4.6,71.0,3.4,2.6,16.3,202.4,0.0,11.8,94.1,547,0,0,230,317,0,0,167778.0,0.0,0.0,0.0
43232,232,30.0,62.7,2.0871111433854654,1.4,0.1,0.0,1.3,72.0,0.0,0.0,0.0,0.0,0.0,0.0,1.1,0.1,60.4,0.0,1.5,8.7,24,0,0,24,0,0,0,140668.0,0.0,0.0,0.0
43233,233,9.5,21.3,2.245255995107272,0.0,0.0,0.0,0.0,5.8,0.0,0.0,0.0,0.0,0.0,0.0,0.0,0.0,0.0,0.0,3.0,2.7,12,0,0,12,0,0,0,140668.0,0.0,0.0,0.0
43234,234,2.7,6.0,2.1735966096097425,20.4,3.2,0.7,16.5,23.6,1.4,1.8,0.4,0.3,1.3,8.7,1.1,5.4,0.0,0.0,2.4,0.8,2,0,0,2,0,0,0,140668.0,0.0,0.0,0.0
43235,235,22.6,31.1,1.3769128484749427,4.0,0.3,0.1,3.7,17.1,0.1,0.1,0.0,0.0,0.1,0.1,0.1,3.4,0.0,0.0,6.6,6.5,0,0,0,0,0,0,0,115346.0,0.0,0.0,0.0
43236,236,3.6,5.9,1.6719809081173407,0.0,0.0,0.0,0.0,1.8,0.0,0.0,0.0,0.0,0.0,0.0,0.0,0.0,0.0,0.0,0.8,1.0,0,0,0,0,0,0,0,22500.0,0.0,0.0,0.0
43237,237,1.8,4.7,2.6752123111021424,0.0,0.0,0.0,0.0,1.5,0.0,0.0,0.0,0.0,0.0,0.0,0.0,0.0,0.0,0.0,1.0,0.5,0,0,0,0,0,0,0,140668.0,0.0,0.0,0.0
43238,238,7.7,17.5,2.2739197499082215,0.0,0.0,0.0,0.0,5.3,0.0,0.0,0.0,0.0,0.0,0.0,0.0,0.0,0.0,0.0,3.1,2.2,8,0,0,8,0,0,0,140668.0,0.0,0.0,0.0
43239,239,54.5,114.3,2.0955675002657603,8.4,0.7,1.1,6.7,35.5,0.3,0.4,0.1,1.0,5.1,0.3,0.2,1.1,0.0,0.0,11.3,15.8,135,0,0,64,71,0,0,140668.0,0.0,0.0,0.0
43240,240,3.3,8.7,2.675212311102141,0.0,0.0,0.0,0.0,5.6,0.0,0.0,0.0,0.0,0.0,0.0,0.0,0.0,0.0,0.0,4.7,0.9,0,0,0,0,0,0,0,124821.0,0.0,0.0,0.0
43241,241,3.3,8.7,2.675212311102141,0.0,0.0,0.0,0.0,5.6,0.0,0.0,0.0,0.0,0.0,0.0,0.0,0.0,0.0,0.0,4.7,0.9,0,0,0,0,0,0,0,124821.0,0.0,0.0,0.0
43242,242,0.0,0.0,0.0,0.0,0.0,0.0,0.0,0.0,0.0,0.0,0.0,0.0,0.0,0.0,0.0,0.0,0.0,0.0,0.0,0.0,0,0,0,0,0,0,0,124821.0,0.0,0.0,0.0
43243,243,3.3,8.7,2.675212311102141,8.3,1.3,0.3,6.7,14.5,0.6,0.8,0.2,0.1,0.5,0.6,0.5,5.1,0.0,0.0,5.2,0.9,5,0,0,0,5,0,0,124821.0,0.0,0.0,0.0
43244,244,11.2,16.2,1.4490405965658817,0.0,0.0,0.0,0.0,6.3,0.0,0.0,0.0,0.0,0.0,0.0,0.0,0.0,0.0,0.0,3.1,3.2,250,0,0,130,120,0,11,95200.0,0.0,0.0,0.0
43245,245,64.0,96.8,1.512375912279143,0.0,0.0,0.0,0.0,48.6,0.0,0.0,0.0,0.0,0.0,0.0,0.0,0.0,0.0,0.0,30.0,18.6,1252,0,0,648,604,0,0,95200.0,0.0,0.0,0.0
43246,246,15.4,49.9,3.2484873980920725,0.0,0.0,0.0,0.0,6.3,0.0,0.0,0.0,0.0,0.0,0.0,0.0,0.0,0.0,0.0,1.9,4.5,6,0,0,1,5,0,0,100952.0,0.0,0.0,0.0
43247,247,7.8,27.7,3.5351249420886526,46.7,0.4,0.1,46.2,50.4,0.2,0.2,0.1,0.0,0.2,0.2,0.1,45.7,0.0,0.0,1.4,2.3,6,0,0,1,5,0,0,100952.0,0.0,0.0,0.0
43248,248,33.8,50.4,1.4928324428686706,9.7,1.3,4.8,3.6,28.0,0.5,0.7,0.2,4.7,0.5,0.5,0.4,2.1,0.0,0.0,8.5,9.8,813,0,0,414,399,0,0,95200.0,0.0,0.0,0.0
43249,249,36.9,114.1,3.0959222545805782,0.0,0.0,0.0,0.0,18.5,0.0,0.0,0.0,0.0,0.0,0.0,0.0,0.0,0.0,0.0,7.8,10.7,63,0,0,19,44,0,0,87083.0,0.0,0.0,0.0
43250,250,39.8,60.8,1.5286621361190504,11.4,0.9,0.2,10.3,29.2,0.4,0.5,0.1,0.1,8.0,0.4,0.3,1.6,0.0,0.0,6.2,11.5,1010,0,0,517,493,0,0,95200.0,0.0,0.0,0.0
43251,251,5.6,9.4,1.671980908117342,0.0,0.0,0.0,0.0,2.5,0.0,0.0,0.0,0.0,0.0,0.0,0.0,0.0,0.0,0.0,0.9,1.6,166,0,0,78,88,0,0,95200.0,0.0,0.0,0.0
43252,252,3.3,12.0,3.678443714086943,0.0,0.0,0.0,0.0,5.6,0.0,0.0,0.0,0.0,0.0,0.0,0.0,0.0,0.0,0.0,4.7,0.9,1,0,0,1,0,0,0,87083.0,0.0,0.0,0.0
43253,253,34.7,107.2,3.0903425463702674,9.0,1.2,4.3,3.5,26.6,0.5,0.7,4.2,0.1,0.5,0.5,0.4,2.1,0.0,0.0,7.5,10.1,18,0,0,18,0,0,0,87083.0,0.0,0.0,0.0
43254,254,58.3,163.1,2.7984161680666624,77.3,2.0,0.4,75.0,97.0,0.8,1.1,0.2,0.2,29.9,20.6,0.7,23.9,0.0,0.0,2.7,16.9,61,0,0,61,0,0,0,93264.0,0.0,0.0,0.0
43255,255,0.0,0.0,0.0,0.0,0.0,0.0,0.0,0.0,0.0,0.0,0.0,0.0,0.0,0.0,0.0,0.0,0.0,0.0,0.0,0.0,0,0,0,0,0,0,0,93264.0,0.0,0.0,0.0
43256,256,50.0,137.3,2.745205199822462,6.0,2.1,0.3,3.6,30.9,0.6,1.6,0.2,0.1,0.5,0.5,0.4,2.1,0.0,0.0,10.4,14.5,117,0,0,45,72,0,0,93264.0,0.0,0.0,0.0
43257,257,0.0,0.0,0.0,158.0,35.2,6.5,116.4,172.9,18.2,16.9,3.8,2.7,11.9,12.9,10.3,81.3,0.0,0.0,14.9,0.0,0,0,0,0,0,0,0,140668.0,0.0,0.0,0.0
43258,258,0.0,0.0,0.0,107.4,22.6,4.9,80.0,121.6,9.9,12.7,2.9,2.0,9.0,9.7,7.8,53.5,0.0,0.0,14.2,0.0,0,0,0,0,0,0,0,140668.0,0.0,0.0,0.0
43259,259,0.0,0.0,0.0,154.4,38.2,8.2,108.0,177.2,16.6,21.6,4.9,3.4,15.2,16.3,12.9,63.6,0.0,0.0,22.8,0.0,0,0,0,0,0,0,0,140668.0,0.0,0.0,0.0
43260,260,1.7,4.3,2.524578570647933,710.4,139.0,285.6,285.8,749.7,90.2,48.9,275.5,10.2,76.7,36.8,29.1,143.2,0.0,0.0,38.8,0.5,0,0,0,0,0,0,0,140668.0,0.0,0.0,0.0
43261,261,0.0,0.0,0.0,0.0,0.0,0.0,0.0,0.0,0.0,0.0,0.0,0.0,0.0,0.0,0.0,0.0,0.0,0.0,0.0,0.0,0,0,0,0,0,0,0,167778.0,0.0,0.0,0.0
43262,262,0.0,0.0,0.0,0.0,0.0,0.0,0.0,0.0,0.0,0.0,0.0,0.0,0.0,0.0,0.0,0.0,0.0,0.0,0.0,0.0,0,0,0,0,0,0,0,154223.0,0.0,0.0,0.0
43263,263,73.8,155.8,2.1108946469231915,0.0,0.0,0.0,0.0,33.0,0.0,0.0,0.0,0.0,0.0,0.0,0.0,0.0,0.0,0.0,11.6,21.4,24,0,0,24,0,0,0,140668.0,0.0,0.0,0.0
43264,264,0.0,0.0,0.0,0.0,0.0,0.0,0.0,0.0,0.0,0.0,0.0,0.0,0.0,0.0,0.0,0.0,0.0,0.0,0.0,0.0,0,0,0,0,0,0,0,140668.0,0.0,0.0,0.0
43265,265,0.0,0.0,0.0,0.0,0.0,0.0,0.0,0.0,0.0,0.0,0.0,0.0,0.0,0.0,0.0,0.0,0.0,0.0,0.0,0.0,0,0,0,0,0,0,0,140668.0,0.0,0.0,0.0
43266,266,80.5,168.2,2.0899939930287514,0.0,0.0,0.0,0.0,60.0,0.0,0.0,0.0,0.0,0.0,0.0,0.0,0.0,0.0,0.0,36.7,23.3,16,0,0,16,0,0,0,140668.0,0.0,0.0,0.0
43267,267,144.4,305.8,2.117861531220261,8.3,1.3,0.3,6.7,73.4,0.6,0.8,0.2,0.1,0.5,0.6,0.5,5.1,0.0,0.0,23.3,41.9,51,0,0,51,0,0,0,140668.0,0.0,0.0,0.0
43268,268,42.6,99.6,2.340801843774952,0.0,0.0,0.0,0.0,43.2,0.0,0.0,0.0,0.0,0.0,0.0,0.0,0.0,0.0,0.0,30.9,12.3,9,0,0,9,0,0,0,140668.0,0.0,0.0,0.0
43269,269,103.3,218.0,2.1108946469231924,12.6,3.2,0.7,8.7,44.5,1.4,1.9,0.4,0.3,1.3,1.3,1.0,5.1,0.0,0.0,1.9,29.9,44,0,0,44,0,0,0,140668.0,0.0,0.0,0.0
43270,270,98.8,208.6,2.1108946469231915,13.9,5.9,1.0,7.0,45.1,0.2,5.7,0.1,1.0,0.2,2.5,0.2,4.0,0.0,0.0,2.6,28.6,46,0,0,46,0,0,0,140668.0,0.0,0.0,0.0
43271,271,75.0,158.8,2.117861531220261,0.0,0.0,0.0,0.0,26.3,0.0,0.0,0.0,0.0,0.0,0.0,0.0,0.0,0.0,0.0,4.5,21.7,52,64,0,52,0,64,0,140668.0,0.0,0.0,0.0
43272,272,52.1,117.1,2.2452559951072697,0.0,0.0,0.0,0.0,38.9,0.0,0.0,0.0,0.0,0.0,0.0,0.0,0.0,0.0,0.0,23.7,15.1,11,38,0,11,0,38,0,140668.0,0.0,0.0,0.0
43273,273,52.2,110.1,2.11089464692319,0.0,0.0,0.0,0.0,22.4,0.0,0.0,0.0,0.0,0.0,0.0,0.0,0.0,0.0,0.0,7.3,15.1,24,0,0,24,0,0,0,140668.0,0.0,0.0,0.0
43274,274,3.9,9.0,2.3408018437749516,0.0,0.0,0.0,0.0,2.1,0.0,0.0,0.0,0.0,0.0,0.0,0.0,0.0,0.0,0.0,1.0,1.1,6,0,0,6,0,0,0,140668.0,0.0,0.0,0.0
43275,275,1.6,4.0,2.524578570647934,2.8,0.7,0.1,2.0,4.7,0.3,0.4,0.1,0.1,0.3,0.3,0.2,1.2,0.0,0.0,1.4,0.5,0,0,0,0,0,0,0,167778.0,0.0,0.0,0.0
43276,276,0.0,0.0,0.0,375.6,268.9,7.5,99.1,391.3,249.0,19.9,4.4,3.1,13.9,15.0,11.9,58.3,0.0,0.0,15.7,0.0,0,0,0,0,0,0,0,140668.0,0.0,0.0,0.0
43277,277,27.9,70.3,2.524578570647934,228.0,56.7,12.2,159.2,272.8,24.5,32.2,7.1,5.0,22.6,24.1,19.0,93.6,0.0,0.0,36.8,8.1,0,0,0,0,0,0,0,140668.0,0.0,0.0,0.0
43278,278,0.0,0.0,0.0,151.4,29.4,26.3,95.7,165.7,12.8,16.6,3.7,22.5,11.7,24.7,10.1,49.3,0.0,0.0,14.2,0.0,0,0,0,0,0,0,0,140668.0,0.0,0.0,0.0
43279,279,0.0,0.0,0.0,40.2,9.1,2.0,29.1,48.4,4.0,5.1,1.2,0.8,3.6,3.9,3.2,18.4,0.0,0.0,8.2,0.0,0,0,0,0,0,0,0,140668.0,0.0,0.0,0.0
43280,280,0.0,0.0,0.0,435.8,80.1,17.0,338.7,451.6,34.0,46.1,9.9,7.1,31.6,151.3,26.0,129.8,0.0,0.0,15.8,0.0,0,0,0,0,0,0,0,140668.0,0.0,0.0,0.0
43281,281,20.8,52.4,2.524578570647933,24.3,6.2,1.3,16.8,32.1,2.6,3.6,0.8,0.6,2.5,2.6,1.9,9.8,0.0,0.0,1.8,6.0,0,0,0,0,0,0,0,140668.0,0.0,0.0,0.0
43282,282,0.0,0.0,0.0,0.0,0.0,0.0,0.0,0.0,0.0,0.0,0.0,0.0,0.0,0.0,0.0,0.0,0.0,0.0,0.0,0.0,0,0,0,0,0,0,0,140668.0,0.0,0.0,0.0
43283,283,11.1,21.9,1.9729503290127817,1058.8,200.3,45.3,813.2,1126.1,114.4,85.9,23.3,22.0,146.9,69.2,67.8,529.3,0.0,0.0,64.1,3.2,13,22,0,13,0,22,0,140668.0,0.0,0.0,0.0
43284,284,23.6,59.5,2.5245785706479347,0.0,0.0,0.0,0.0,37.0,0.0,0.0,0.0,0.0,0.0,0.0,0.0,0.0,0.0,0.0,30.2,6.8,0,0,0,0,0,0,0,140668.0,0.0,0.0,0.0
43285,285,117.3,264.4,2.2527990883703404,55.9,1.3,0.3,54.4,95.0,0.5,0.7,0.2,0.1,10.6,0.5,1.7,41.6,0.0,0.0,5.0,34.0,31,0,0,31,0,0,0,158056.0,0.0,0.0,0.0
43286,286,70.0,158.9,2.2700611674347044,321.0,15.6,3.4,302.0,348.7,6.8,8.9,2.0,1.4,10.4,247.4,11.1,33.1,0.0,0.0,7.4,20.3,14,0,0,14,0,0,0,158056.0,0.0,0.0,0.0
43287,287,1.7,4.3,2.524578570647933,0.0,0.0,0.0,0.0,1.7,0.0,0.0,0.0,0.0,0.0,0.0,0.0,0.0,0.0,0.0,1.2,0.5,0,0,0,0,0,0,0,158056.0,0.0,0.0,0.0
43288,288,134.0,280.0,2.0899939930287514,166.4,13.3,2.9,150.2,214.5,5.8,7.6,1.7,1.2,5.3,118.3,4.5,22.1,0.0,0.0,9.3,38.8,5,0,0,5,0,0,0,146430.0,351.0,71.0,0.0
43289,289,0.0,0.0,0.0,218.9,194.2,1.7,22.9,222.4,3.5,190.7,1.0,0.7,3.2,3.5,2.7,13.5,0.0,0.0,3.6,0.0,0,0,0,0,0,0,0,141925.0,0.0,0.0,0.0
43290,290,606.5,1264.1,2.084383079305651,132.1,6.4,9.2,116.5,326.6,2.8,3.6,0.8,8.4,14.4,7.2,2.2,92.7,0.0,0.0,18.6,175.8,25,238,0,25,0,238,0,145240.0,0.0,0.0,0.0
43291,291,0.0,0.0,0.0,494.5,183.5,120.3,190.8,498.0,128.2,55.3,110.5,9.7,58.5,6.8,72.1,53.4,0.0,0.0,3.5,0.0,0,0,0,0,0,0,0,162366.0,0.0,0.0,0.0
43292,292,177.5,420.3,2.3683415289536596,151.7,3.8,1.6,146.2,214.7,1.7,2.2,0.5,1.1,19.1,98.9,11.9,16.3,0.0,0.0,11.5,51.5,23,55,0,23,0,55,0,162366.0,88.0,30.0,0.0
43293,293,81.0,190.9,2.3577340192215286,30.4,3.1,3.1,24.2,57.5,1.9,1.1,0.3,2.8,8.3,0.9,0.7,14.4,0.0,0.0,3.6,23.5,11,0,0,11,0,0,0,187390.0,0.0,0.0,0.0
43294,294,92.4,219.0,2.370861210835528,18.4,6.0,0.2,12.1,50.0,0.5,5.5,0.1,0.1,0.4,0.5,6.5,4.7,0.0,0.0,4.9,26.8,12,15,0,12,0,15,0,162366.0,0.0,0.0,0.0
43295,295,18.3,43.6,2.3801442514597437,0.0,0.0,0.0,0.0,6.9,0.0,0.0,0.0,0.0,0.0,0.0,0.0,0.0,0.0,0.0,1.6,5.3,2,4,0,2,0,4,0,162366.0,0.0,0.0,0.0
43296,296,92.4,270.0,2.9232020958729037,56.5,2.1,0.4,53.9,88.7,0.9,1.2,0.3,0.2,3.5,0.9,4.5,45.0,0.0,0.0,5.4,26.8,22,61,0,22,0,61,0,300000.0,0.0,0.0,0.0
43297,297,0.0,0.0,0.0,267.0,11.9,52.1,203.1,272.5,5.1,6.7,1.5,50.6,4.7,174.7,4.0,19.7,0.0,0.0,5.5,0.0,0,0,0,0,0,0,0,300000.0,0.0,666.0,0.0
43298,298,0.0,0.0,0.0,178.1,44.1,9.5,124.5,183.3,19.0,25.2,5.5,3.9,17.3,18.9,14.9,73.4,0.0,0.0,5.2,0.0,0,0,0,0,0,0,413,147699.0,0.0,0.0,0.0
43299,299,12.8,25.7,2.0063913754445304,110.0,3.6,0.8,105.7,116.3,1.5,2.0,0.5,0.3,35.5,9.3,1.2,59.6,0.0,0.0,2.6,3.7,38,256,0,38,0,256,0,300000.0,0.0,0.0,0.0
43300,300,69.1,130.1,1.881611350651863,27.9,3.2,3.4,21.3,52.1,1.4,1.8,0.4,3.0,13.6,1.4,1.1,5.3,0.0,0.0,4.2,20.0,21,34,0,21,0,34,0,107102.0,0.0,0.0,0.0
43301,301,43.4,98.4,2.26849687786637,59.5,12.9,0.9,45.8,81.6,1.8,11.1,0.5,0.4,4.4,4.0,1.4,35.9,0.0,0.0,9.4,12.6,15,0,0,15,0,0,0,232212.0,0.0,0.0,0.0
43302,302,150.1,335.5,2.234398513216153,88.9,1.2,1.3,86.3,154.1,0.5,0.7,1.2,0.1,42.8,0.5,0.4,42.6,0.0,0.0,21.6,43.5,55,0,0,55,0,0,0,232212.0,0.0,0.0,0.0
