;Index,CO_FIPS,YEAR,Tel_RETL,Tel_FOOD,Tel_MANU,Tel_WSLE,Tel_OFFI,Tel_GVED,Tel_HLTH,Tel_OTHR,Tel_AGRI,Tel_MING,Tel_CONS,HBJ_RETL,HBJ_FOOD,HBJ_MANU,HBJ_WSLE,HBJ_OFFI,HBJ_GVED,HBJ_HLTH,HBJ_OTHR,HBJ_AGRI,HBJ_MING,HBJ_CONS,HBJ,Telecom,Tot_WAH,CO_NAME
012023,01,2023,0.076,0.052,0.093,0.136,0.083,0.054,0.054,0.143,0.008,0.008,0.037,0.105,0.012,0.128,0.032,0.114,0.074,0.074,0.033,0.011,0.011,0.051,0.061,0.044,0.105,"Beaver County, Utah"
032023,03,2023,0.039,0.027,0.033,0.120,0.163,0.050,0.045,0.211,0.158,0.158,0.057,0.017,0.012,0.014,0.052,0.070,0.022,0.019,0.091,0.068,0.068,0.025,0.030,0.070,0.100,"Box Elder County, Utah"
052023,05,2023,0.072,0.058,0.055,0.097,0.219,0.076,0.076,0.114,0.056,0.056,0.131,0.020,0.016,0.015,0.027,0.060,0.021,0.021,0.031,0.015,0.015,0.036,0.028,0.101,0.129,"Cache County, Utah"
072023,07,2023,0.043,0.017,0.011,0.136,0.152,0.024,0.025,0.040,0.024,0.024,0.029,0.014,0.006,0.004,0.032,0.051,0.008,0.008,0.014,0.008,0.008,0.010,0.014,0.041,0.055,"Carbon County, Utah"
092023,09,2023,0.091,0.024,0.086,0.136,0.091,0.102,0.097,0.143,0.094,0.094,0.361,0.021,0.005,0.020,0.032,0.020,0.024,0.022,0.033,0.022,0.022,0.080,0.013,0.058,0.070,"Daggett County, Utah"
112023,11,2023,0.089,0.045,0.082,0.154,0.272,0.110,0.094,0.122,0.147,0.147,0.080,0.020,0.010,0.018,0.034,0.060,0.024,0.021,0.027,0.033,0.033,0.018,0.029,0.132,0.162,"Davis County, Utah"
132023,13,2023,0.016,0.034,0.070,0.009,0.099,0.044,0.044,0.069,0.033,0.033,0.040,0.013,0.028,0.056,0.007,0.079,0.035,0.035,0.055,0.026,0.026,0.032,0.038,0.048,0.086,"Duchesne County, Utah"
152023,15,2023,0.016,0.052,0.086,0.136,0.107,0.028,0.023,0.047,0.081,0.081,0.046,0.005,0.012,0.020,0.032,0.035,0.009,0.007,0.015,0.027,0.027,0.015,0.013,0.039,0.052,"Emery County, Utah"
172023,17,2023,0.091,0.011,0.086,0.136,0.196,0.051,0.033,0.143,0.028,0.028,0.009,0.021,0.010,0.020,0.032,0.187,0.049,0.032,0.033,0.027,0.027,0.008,0.037,0.039,0.075,"Garfield County, Utah"
192023,19,2023,0.091,0.007,0.057,0.136,0.138,0.129,0.108,0.198,0.094,0.094,0.045,0.021,0.004,0.036,0.032,0.086,0.080,0.067,0.123,0.022,0.022,0.028,0.042,0.067,0.109,"Grand County, Utah"
212023,21,2023,0.048,0.032,0.022,0.074,0.160,0.066,0.060,0.084,0.132,0.132,0.106,0.016,0.011,0.008,0.025,0.055,0.023,0.020,0.029,0.045,0.045,0.036,0.028,0.082,0.110,"Iron County, Utah"
232023,23,2023,0.041,0.083,0.010,0.136,0.146,0.048,0.047,0.089,0.171,0.171,0.004,0.031,0.064,0.008,0.032,0.111,0.037,0.036,0.068,0.130,0.130,0.003,0.050,0.065,0.115,"Juab County, Utah"
252023,25,2023,0.038,0.043,0.162,0.136,0.217,0.206,0.271,0.207,0.065,0.065,0.319,0.003,0.003,0.012,0.032,0.016,0.015,0.020,0.015,0.005,0.005,0.023,0.012,0.159,0.170,"Kane County, Utah"
272023,27,2023,0.012,0.014,0.042,0.028,0.077,0.021,0.017,0.044,0.027,0.027,0.017,0.017,0.018,0.056,0.037,0.102,0.028,0.022,0.058,0.035,0.035,0.022,0.034,0.026,0.059,"Millard County, Utah"
292023,29,2023,0.083,0.033,0.023,0.136,0.269,0.044,0.039,0.170,0.062,0.062,0.071,0.028,0.011,0.008,0.032,0.092,0.015,0.013,0.058,0.021,0.021,0.024,0.031,0.091,0.122,"Morgan County, Utah"
312023,31,2023,0.175,0.139,0.357,0.136,0.311,0.075,0.083,0.802,0.094,0.094,0.520,0.043,0.034,0.088,0.032,0.077,0.018,0.020,0.198,0.022,0.022,0.128,0.052,0.211,0.263,"Piute County, Utah"
332023,33,2023,0.041,0.104,0.086,0.136,0.091,0.061,0.032,0.042,0.174,0.174,0.036,0.065,0.165,0.020,0.032,0.144,0.097,0.051,0.066,0.277,0.277,0.058,0.118,0.074,0.192,"Rich County, Utah"
352023,35,2023,0.106,0.061,0.101,0.155,0.279,0.126,0.121,0.145,0.084,0.084,0.083,0.020,0.012,0.019,0.030,0.053,0.024,0.023,0.028,0.016,0.016,0.016,0.028,0.149,0.177,"Salt Lake County, Utah"
372023,37,2023,0.091,0.016,0.037,0.136,0.231,0.035,0.035,0.189,0.045,0.045,0.030,0.021,0.011,0.026,0.032,0.163,0.025,0.025,0.133,0.032,0.032,0.021,0.036,0.051,0.086,"San Juan County, Utah"
392023,39,2023,0.062,0.031,0.024,0.074,0.177,0.045,0.041,0.122,0.002,0.002,0.034,0.038,0.019,0.014,0.045,0.107,0.027,0.025,0.074,0.001,0.001,0.021,0.036,0.060,0.096,"Sanpete County, Utah"
412023,41,2023,0.069,0.003,0.128,0.136,0.128,0.058,0.066,0.051,0.028,0.028,0.059,0.035,0.002,0.065,0.069,0.064,0.029,0.033,0.026,0.014,0.014,0.030,0.032,0.063,0.095,"Sevier County, Utah"
432023,43,2023,0.107,0.099,0.218,0.356,0.281,0.133,0.132,0.127,0.125,0.125,0.127,0.037,0.034,0.075,0.123,0.097,0.046,0.046,0.044,0.043,0.043,0.044,0.062,0.180,0.242,"Summit County, Utah"
452023,45,2023,0.065,0.050,0.037,0.064,0.258,0.139,0.163,0.073,0.060,0.060,0.044,0.014,0.011,0.008,0.013,0.054,0.029,0.034,0.015,0.013,0.013,0.009,0.024,0.113,0.137,"Tooele County, Utah"
472023,47,2023,0.019,0.007,0.054,0.083,0.174,0.012,0.015,0.023,0.016,0.016,0.017,0.016,0.006,0.044,0.068,0.144,0.010,0.012,0.019,0.013,0.013,0.014,0.029,0.035,0.065,"Uintah County, Utah"
492023,49,2023,0.101,0.054,0.104,0.146,0.275,0.094,0.092,0.184,0.151,0.151,0.071,0.021,0.011,0.022,0.030,0.057,0.020,0.019,0.038,0.031,0.031,0.015,0.030,0.142,0.172,"Utah County, Utah"
512023,51,2023,0.065,0.045,0.263,0.173,0.235,0.101,0.107,0.242,0.276,0.276,0.036,0.025,0.017,0.100,0.065,0.089,0.038,0.041,0.092,0.105,0.105,0.014,0.050,0.132,0.181,"Wasatch County, Utah"
532023,53,2023,0.049,0.041,0.082,0.101,0.213,0.058,0.052,0.112,0.114,0.114,0.044,0.021,0.018,0.035,0.043,0.092,0.025,0.023,0.048,0.049,0.049,0.019,0.039,0.091,0.131,"Washington County, Utah"
552023,55,2023,0.091,0.046,0.706,0.136,0.241,0.283,0.326,0.250,0.218,0.218,0.229,0.021,0.019,0.294,0.032,0.100,0.118,0.136,0.104,0.091,0.091,0.095,0.079,0.191,0.271,"Wayne County, Utah"
572023,57,2023,0.102,0.044,0.069,0.094,0.238,0.099,0.074,0.118,0.115,0.115,0.109,0.023,0.010,0.016,0.022,0.054,0.023,0.017,0.027,0.026,0.026,0.025,0.027,0.116,0.142,"Weber County, Utah"
10492023,1049,2023,0.091,0.052,0.086,0.136,0.262,0.102,0.097,0.143,0.094,0.094,0.079,0.021,0.012,0.020,0.032,0.061,0.024,0.022,0.033,0.022,0.022,0.018,0.030,0.130,0.160,Utah
